row,col,6oct,23nov,30nov,28dec
0,0,3.833333333,8.666666667,15.42857143,47
0,1,4.444444444,8.444444444,17.5,43.22222222
0,2,4.5,7.666666667,34,44.66666667
0,3,4,8.666666667,48,43.16666667
0,4,4.333333333,8.555555556,20.5,43
0,5,3,9.166666667,19,39.33333333
0,6,3.222222222,8.888888889,27,38.11111111
0,7,4.5,8.833333333,31.16666667,41.83333333
0,8,4.333333333,9.166666667,30.25,41.5
0,9,4.333333333,8.333333333,29.33333333,39.66666667
0,10,4.666666667,9,32,43.66666667
0,11,4,10.5,66.66666667,45.83333333
0,12,5.111111111,9.555555556,58,43.77777778
0,13,4.666666667,9.166666667,30.83333333,42.16666667
0,14,3.333333333,10,21.75,40.83333333
0,15,3.888888889,8.777777778,20.33333333,44.55555556
0,16,4.333333333,9.666666667,19.5,45.33333333
0,17,4.222222222,8.777777778,18,43.66666667
0,18,4.666666667,9.333333333,19.5,42.83333333
0,19,4,9.333333333,19,45.5
0,20,6.222222222,10.88888889,18.5,43.88888889
0,21,5.5,10.66666667,18.16666667,45.33333333
0,22,5,11,18.16666667,48.16666667
0,23,5.555555556,11.33333333,20,53.44444444
0,24,7.666666667,13.16666667,22,58.33333333
0,25,8,18.16666667,52,76
0,26,9,22.11111111,54.66666667,90.77777778
0,27,27.5,22.83333333,102.25,180
0,28,12.11111111,26,85.5,114.8888889
0,29,19.33333333,29.66666667,70.5,106
0,30,14.33333333,26.5,54.85714286,98
0,31,109.2222222,139.6666667,137.8333333,173.6666667
0,32,153,113.5,192.4444444,185.6666667
1,0,4,9.25,16.33333333,44
1,1,3.166666667,7.833333333,18.5,41
1,2,2.5,8,40,40.75
1,3,3.5,8,38,40.75
1,4,4,8,19.66666667,42.33333333
1,5,5.5,9,20.25,37.5
1,6,3.833333333,9,36.83333333,41
1,7,4,7.75,26.5,43.75
1,8,3.5,8.5,35.5,41
1,9,3.833333333,9,37,41.16666667
1,10,3.75,8.5,38,42.5
1,11,4.5,9,35,40
1,12,4.5,9.333333333,32,45.66666667
1,13,4,8.5,27.66666667,44.5
1,14,3.75,9.25,23.75,43
1,15,4,9.666666667,18.5,42.83333333
1,16,4,9,19,43
1,17,3.5,9.666666667,19.5,44.33333333
1,18,4.25,10.5,16.75,43.5
1,19,4.75,9.5,17,45.5
1,20,5.166666667,10.66666667,21,48
1,21,5.5,10.5,16,45
1,22,5.5,11,18.5,48.5
1,23,6,11,19.16666667,52
1,24,10,13.5,29.16666667,59.5
1,25,9.5,17.5,44.33333333,67.5
1,26,8.666666667,18.66666667,43.22222222,83
1,27,9.5,21.5,49.33333333,86
1,28,8.5,24.33333333,48.66666667,90.33333333
1,29,46.75,67.75,89.16666667,106.75
1,30,113.75,55.5,111.75,119
1,31,50,32.83333333,65,107.3333333
1,32,15.25,27.25,47,89
2,0,4,8,22,42.66666667
2,1,3.222222222,7.666666667,26.75,43.77777778
2,2,4.166666667,7.833333333,21.16666667,38.83333333
2,3,4.166666667,8.166666667,20.25,40.66666667
2,4,4.111111111,8.333333333,17.33333333,38.88888889
2,5,3.333333333,8.333333333,20,41.16666667
2,6,3.777777778,9.666666667,49,40.66666667
2,7,3.666666667,8.333333333,43,43.16666667
2,8,3.666666667,8.166666667,43.5,40.33333333
2,9,4.222222222,8.666666667,46.16666667,43
2,10,4.333333333,8.5,35.5,42.33333333
2,11,4,8,32.83333333,44.16666667
2,12,3.555555556,8.555555556,32,44.11111111
2,13,5.5,8.333333333,43.33333333,43.5
2,14,4.5,8.666666667,32,41.33333333
2,15,4.222222222,9.555555556,21.33333333,42.22222222
2,16,4.666666667,10.66666667,17.5,41.83333333
2,17,4.555555556,10.44444444,17.83333333,45.33333333
2,18,4.333333333,10.66666667,17.5,40
2,19,4.833333333,10.33333333,18.28571429,39.66666667
2,20,6,10.44444444,17.16666667,47.55555556
2,21,6,11,17.33333333,46.83333333
2,22,5.666666667,11.66666667,18.66666667,47
2,23,7.333333333,13.22222222,22.55555556,52.88888889
2,24,7.333333333,19.83333333,34.875,70.83333333
2,25,7.166666667,17.16666667,36.4,71.5
2,26,7.777777778,18.22222222,38.66666667,73.22222222
2,27,6.833333333,18.66666667,39,79.66666667
2,28,13.22222222,21.88888889,52.83333333,86.22222222
2,29,80.16666667,76.5,118.25,133.3333333
2,30,186.1666667,154.8333333,171.6666667,159.3333333
2,31,82.11111111,109,57,119.4444444
2,32,25.83333333,25.66666667,56.66666667,100
3,0,4.25,8,28.16666667,41.75
3,1,4.166666667,7.666666667,30.5,42.83333333
3,2,4.5,8.25,31.66666667,40.5
3,3,4.5,7.75,32.75,40.25
3,4,4,8.333333333,22.16666667,37.33333333
3,5,4,8.5,22,39
3,6,4.666666667,8,32.66666667,37.33333333
3,7,3.5,9,42.5,42.5
3,8,4.25,8,51.66666667,42.25
3,9,5,8.833333333,53.66666667,43.33333333
3,10,5.5,8.25,34,41.25
3,11,3,8,22,39.25
3,12,4.666666667,9.166666667,19,42.83333333
3,13,4,8.75,27.625,42.75
3,14,4,9,36,42.25
3,15,4.5,8,21.11111111,39.5
3,16,4,8.5,17.83333333,40
3,17,5.333333333,9.333333333,16.55555556,42.66666667
3,18,4.75,9.5,17,44.25
3,19,5.5,10,18.5,52
3,20,5.666666667,10.66666667,18.5,48.83333333
3,21,6,11.25,18.66666667,49
3,22,6.75,14.75,19,49.5
3,23,6.833333333,22.33333333,31.5,63.33333333
3,24,7,20,40.25,72.5
3,25,10.75,17,38.66666667,73.5
3,26,9.666666667,17.16666667,35.66666667,72.5
3,27,7,17.5,38,69.75
3,28,10,20.5,43.33333333,80.83333333
3,29,34.75,40,81,145.75
3,30,45.75,266.5,276,193
3,31,41.83333333,173,83.5,148.6666667
3,32,231.75,423.5,158.3333333,163.5
4,0,5.5,8,35.66666667,45.25
4,1,4.833333333,7.666666667,25,40.33333333
4,2,4.5,8,31.83333333,41.5
4,3,4.5,8,37.25,42.25
4,4,3.833333333,9.5,30.5,38.5
4,5,3.25,8,31,38.5
4,6,3.5,7.666666667,45.16666667,37
4,7,3.75,8.5,49.4,39.75
4,8,4.5,7.75,42.44444444,42
4,9,5.5,9,38.5,44.16666667
4,10,5,8.75,37.71428571,41.5
4,11,4.5,8,25.22222222,40.25
4,12,4.666666667,8.333333333,20.33333333,42.66666667
4,13,6,9.5,21.85714286,44
4,14,4,10,20,44
4,15,4.333333333,9.333333333,18.83333333,36.66666667
4,16,4.25,10,16.75,39.25
4,17,4,8.333333333,18.5,39.83333333
4,18,4.5,9.25,17.5,49.75
4,19,5,9.25,17.33333333,39.75
4,20,5.333333333,8.666666667,18.5,44.33333333
4,21,5,10,17,46.5
4,22,6.5,15.5,24.75,58.5
4,23,7.333333333,18.66666667,36.33333333,69.16666667
4,24,7,18,38.25,79
4,25,9,16,36.5,66
4,26,8.333333333,18.83333333,37,66.33333333
4,27,8.75,17.25,36.83333333,74
4,28,8.333333333,19,43,80.16666667
4,29,8.5,21,46.5,96.5
4,30,9,45,113.6666667,163.75
4,31,10.66666667,47.16666667,73.75,154.8333333
4,32,13,176.5,175.5,144.25
5,0,4.833333333,7.833333333,35.85714286,40.66666667
5,1,6.111111111,8.111111111,36.66666667,38.22222222
5,2,5.333333333,7.666666667,32.11111111,37
5,3,4.333333333,7.5,47,40.66666667
5,4,4.888888889,8.222222222,37.11111111,40.33333333
5,5,4.666666667,8.666666667,33.33333333,39.33333333
5,6,3.222222222,8.111111111,55.11111111,36.55555556
5,7,2.5,8,73.8,40.83333333
5,8,4.666666667,7.333333333,61,41.5
5,9,4.666666667,8.444444444,29.25,40.66666667
5,10,3.833333333,8.166666667,28,40.83333333
5,11,4.333333333,8.5,22.5,36.5
5,12,5.333333333,8.444444444,18.5,41.66666667
5,13,4.5,9,17.83333333,45.16666667
5,14,4.166666667,8.333333333,19,42.33333333
5,15,4.444444444,8.333333333,19,42.22222222
5,16,4,9.333333333,21,39.83333333
5,17,4.333333333,8.888888889,19.83333333,40.88888889
5,18,4.333333333,9.166666667,16,44.33333333
5,19,4.5,9.166666667,17.83333333,46.33333333
5,20,5.666666667,10.33333333,18.25,46
5,21,7,11.66666667,23.33333333,65.5
5,22,11.5,14.5,35.5,70.5
5,23,9.888888889,15.11111111,38,65.22222222
5,24,8.666666667,22.5,38,67.66666667
5,25,10.83333333,108.1666667,37.33333333,65.33333333
5,26,21.66666667,79.55555556,36.75,70.66666667
5,27,23,20,36.5,76.66666667
5,28,10.55555556,18.44444444,43.16666667,74.55555556
5,29,8.666666667,56.66666667,42.75,79
5,30,11,21.5,46.5,83
5,31,8.555555556,20.66666667,50,90.44444444
5,32,15.33333333,29.5,50,102.1666667
6,0,5,7.5,22.375,43
6,1,5.666666667,8,37.5,41.83333333
6,2,4.25,8,36.5,38
6,3,5.5,7.75,42.5,41.75
6,4,4,8.166666667,51.16666667,45.83333333
6,5,3,9,60,39
6,6,3.833333333,7.833333333,36,39.66666667
6,7,4.25,8,35,40
6,8,3.5,9,38.66666667,44
6,9,3.833333333,9.333333333,31.5,39.83333333
6,10,4,9,21,39.75
6,11,4.75,8.25,18.8,41
6,12,4.333333333,8.666666667,19,43.33333333
6,13,3,9,20,50
6,14,4.5,8.5,15.5,42.5
6,15,4.166666667,8.833333333,17.66666667,42.66666667
6,16,4.5,9,18.25,40.25
6,17,5.333333333,8.833333333,15.83333333,45
6,18,4.5,9,15.25,43.5
6,19,5.25,9,17.16666667,44
6,20,5.166666667,11.33333333,18,50
6,21,8,12,26.33333333,67.5
6,22,45.5,15.75,36.75,81.25
6,23,12.33333333,16,37.5,61.66666667
6,24,9,19.75,39,66.5
6,25,13,85.25,44,66
6,26,49.33333333,29,55.5,69.66666667
6,27,49,23.5,43.33333333,75
6,28,10.16666667,20.16666667,39.75,69.66666667
6,29,9,17.25,39.66666667,76.25
6,30,9,17.5,41.5,75
6,31,9,18.66666667,44.33333333,84
6,32,13,27.25,50.22222222,99.5
7,0,5.75,8.25,26.33333333,37.5
7,1,5,8,44,37.33333333
7,2,4.25,7.75,50.83333333,35
7,3,4,7.75,55.25,39.5
7,4,4,8.166666667,63.33333333,36.83333333
7,5,2,7.75,72,37
7,6,3.666666667,9,48.33333333,40.66666667
7,7,4.5,8.25,44.75,34
7,8,4,8,27,40
7,9,3.833333333,8.333333333,20,43
7,10,3.75,11,18.5,42
7,11,3.5,9,17,45
7,12,4.166666667,8.666666667,19,43
7,13,4.5,9.25,20.33333333,50
7,14,4.5,9,18,40.5
7,15,4.5,9.666666667,16.66666667,41.83333333
7,16,4.5,9.5,19,44.5
7,17,4.333333333,8.833333333,18.66666667,45.83333333
7,18,4.5,9.5,17.5,47
7,19,5.5,10,18.33333333,159
7,20,19.83333333,12.33333333,27.5,73.83333333
7,21,26.5,20,34.5,58
7,22,48,15,40.25,63.25
7,23,13.33333333,15,38.33333333,63.16666667
7,24,9.75,13.25,39.25,65
7,25,11.5,17.25,42.28571429,70.25
7,26,27.66666667,26,64.16666667,70.83333333
7,27,9.75,62,84,72.25
7,28,11,20,43.33333333,69.83333333
7,29,9.75,17.75,40.11111111,70.75
7,30,9,17.5,39.28571429,75.25
7,31,8.666666667,18.33333333,45.33333333,82.33333333
7,32,13,21.5,47.5,99
8,0,6.166666667,8,38.33333333,38.33333333
8,1,6.111111111,8.111111111,50.75,38
8,2,4.333333333,8,79,39.66666667
8,3,5,7,56.25,38.83333333
8,4,4.777777778,8.777777778,52.83333333,40.11111111
8,5,4,9.333333333,64.75,41.16666667
8,6,3.111111111,8.888888889,41.5,39.11111111
8,7,5,8,36.5,43.66666667
8,8,3.166666667,8.666666667,22.33333333,38.83333333
8,9,4.222222222,8.888888889,19.5,40.44444444
8,10,3,8,20.33333333,43.5
8,11,3.666666667,8.333333333,19,43.66666667
8,12,3.888888889,8.777777778,18.16666667,42.77777778
8,13,4.333333333,8.333333333,19.2,43.16666667
8,14,4.666666667,9,16.8,40.5
8,15,3.888888889,10,16.5,44.77777778
8,16,4.166666667,9.5,17.75,46.66666667
8,17,4.333333333,9,17.5,43.44444444
8,18,4.666666667,10,16.5,49.66666667
8,19,6.833333333,13.66666667,27.71428571,69.33333333
8,20,37,14.77777778,38.33333333,81.11111111
8,21,93.33333333,16.33333333,39.88888889,73.83333333
8,22,33.66666667,19.5,40.16666667,76.5
8,23,12,17.11111111,38.66666667,71.77777778
8,24,8,13.5,40,68.83333333
8,25,8.5,15,39,73.16666667
8,26,9.444444444,15.33333333,39.5,71.88888889
8,27,6.666666667,15.66666667,37.5,69.66666667
8,28,8.111111111,14.66666667,35.5,71.55555556
8,29,8,16.33333333,38.33333333,70.66666667
8,30,7.666666667,16.5,36,76.5
8,31,7.777777778,18.55555556,45,85.55555556
8,32,10.16666667,21,46.4,87.5
9,0,5.75,8.75,47.33333333,41.5
9,1,4.333333333,8.666666667,72,40.66666667
9,2,4,8.75,89.66666667,40
9,3,6.25,7,60,34.75
9,4,4.5,9.666666667,32.66666667,36.5
9,5,3.5,9.5,45,42
9,6,3,8.333333333,47.16666667,37.83333333
9,7,5,7.75,24,36.5
9,8,3.75,8,22.16666667,39
9,9,4,8.833333333,19.75,38.33333333
9,10,4,8.5,18.16666667,40
9,11,3.75,8.75,19,42.5
9,12,3.833333333,9,17.66666667,44.33333333
9,13,5,8,19.5,41
9,14,5,9,17.44444444,41
9,15,3.333333333,10,16.33333333,47.33333333
9,16,4,8,17.66666667,45
9,17,4,9.666666667,18.55555556,46
9,18,5.5,12.5,24.33333333,56.5
9,19,10,14,34.375,59
9,20,17.66666667,25.33333333,51.5,72
9,21,35.5,20.25,40.16666667,70
9,22,18.5,19.25,44.75,69.5
9,23,14.33333333,17.83333333,43,72.33333333
9,24,10.5,17,35.5,76.25
9,25,12.5,15.75,35,74
9,26,11.66666667,15.5,36.5,71.83333333
9,27,8,15,37.33333333,75.25
9,28,8,15.33333333,36.5,72.83333333
9,29,7.5,17.75,40.33333333,76.25
9,30,7.5,18,41,81.5
9,31,14,39.5,50,103.8333333
9,32,46.5,53.25,57,123
10,0,6.75,7.75,59.83333333,40.5
10,1,4.5,7.833333333,74,39.66666667
10,2,4.5,9,74.83333333,39
10,3,5,7.75,57,36.75
10,4,4.666666667,8.333333333,34.5,37
10,5,3.5,8,30.5,37.75
10,6,4,7.833333333,43.66666667,38.33333333
10,7,4.5,8.25,28,40.5
10,8,4.5,8.75,20.77777778,33
10,9,4.666666667,9.666666667,19.66666667,38.5
10,10,3.5,8.75,19.44444444,44
10,11,3.5,8.5,18.33333333,40.25
10,12,4.333333333,8.166666667,18,38.66666667
10,13,4,7,15.66666667,37.25
10,14,3.5,9,19.66666667,39
10,15,4.833333333,10,17,40.66666667
10,16,4.5,8.5,17,42.25
10,17,4.333333333,9.833333333,19.33333333,46.5
10,18,6.5,13.5,31,64
10,19,10,14,35.83333333,65
10,20,20,15,50,72.33333333
10,21,17,21.25,41.5,89.25
10,22,13.5,18.5,43.5,69
10,23,12.33333333,17.16666667,42.5,73.16666667
10,24,8.5,15.25,37.5,76.5
10,25,10,15,39.33333333,75.5
10,26,10.16666667,16,36,72.66666667
10,27,8.25,16,38.83333333,75.25
10,28,7.833333333,16.66666667,38.5,80.33333333
10,29,9.5,20,41.16666667,84.5
10,30,9.25,19,40.5,81.25
10,31,18.33333333,45.33333333,55.5,106.5
10,32,155.5,140.25,199,202.5
11,0,6.666666667,9.333333333,84.33333333,44.33333333
11,1,6,9.111111111,70.66666667,46.55555556
11,2,5.333333333,8.666666667,65.66666667,42.33333333
11,3,5,8.333333333,57,41.5
11,4,3.888888889,9.333333333,35.66666667,43.66666667
11,5,4,8.666666667,29,36.33333333
11,6,4.333333333,8.777777778,24.44444444,38.66666667
11,7,3.833333333,9.166666667,18,40.5
11,8,4.333333333,9.166666667,19,41
11,9,3.444444444,7.777777778,18,40.77777778
11,10,5,9,19,40.16666667
11,11,4.833333333,9.166666667,18,40.83333333
11,12,4.444444444,8.222222222,24.66666667,40.33333333
11,13,4,8.666666667,22,42
11,14,4.333333333,8.666666667,18.66666667,41.5
11,15,4.444444444,9.333333333,17.25,43.11111111
11,16,6,10.33333333,18.83333333,46.33333333
11,17,7.222222222,14.44444444,29,56.66666667
11,18,7.333333333,23.5,35,68.5
11,19,6.5,16,36.16666667,67.16666667
11,20,8.777777778,15.88888889,36,64.22222222
11,21,11.66666667,15.33333333,36.83333333,69.16666667
11,22,7.333333333,13.66666667,39.5,71
11,23,7.111111111,14.55555556,36,70.66666667
11,24,9.666666667,14.16666667,37.5,76.5
11,25,7.333333333,14.66666667,37.66666667,79
11,26,7,16.22222222,37,78.66666667
11,27,6.666666667,17.83333333,38.33333333,76.83333333
11,28,13,26.77777778,40.5,80.55555556
11,29,31.33333333,55.16666667,41.16666667,97
11,30,15.66666667,32.16666667,40,105.5
11,31,9.111111111,21.55555556,44.16666667,81.66666667
11,32,9.833333333,38,50.5,82.16666667
12,0,9,8.25,62.33333333,48
12,1,7.5,8.666666667,49.25,40.33333333
12,2,6.5,7.25,53,44.25
12,3,5.5,8.25,48.5,39.25
12,4,3.833333333,9.166666667,27.66666667,45.66666667
12,5,4,9,28,40
12,6,4.833333333,9.666666667,23,38
12,7,6.5,9.75,20.75,42.25
12,8,6.25,9,19.5,41
12,9,4,9,19,40
12,10,5,8,19,40.5
12,11,4,9,20.25,44.25
12,12,4.333333333,9,25.16666667,41
12,13,4.5,9.5,22,42
12,14,4.5,9.25,19.66666667,43
12,15,5,9.666666667,19,45.66666667
12,16,7.5,13.75,22.83333333,56.5
12,17,34.83333333,21.83333333,35.5,68.5
12,18,7,15.5,36.16666667,65
12,19,7,16,37.33333333,65
12,20,6.833333333,14.83333333,37,72.66666667
12,21,7.75,13.5,37,67
12,22,6.5,11.5,32,69
12,23,8.333333333,13.16666667,35.83333333,71.33333333
12,24,14.5,14.5,37,79.75
12,25,8.5,15.5,39.66666667,88.75
12,26,8.333333333,32,59.5,165.8333333
12,27,8,22.5,64.16666667,141.25
12,28,26.33333333,38.5,41,92.5
12,29,141.5,102.25,128.6666667,130.25
12,30,32,78.25,104.5,131.5
12,31,14,20.66666667,47.42857143,90
12,32,12.5,21,43.5,80
13,0,9.166666667,8.666666667,33.8,44.33333333
13,1,7.333333333,7.444444444,36.2,42.44444444
13,2,6.666666667,8,49.83333333,43.5
13,3,5.166666667,8,39.75,43.16666667
13,4,5,9,26,41.88888889
13,5,4.5,8.166666667,23,43
13,6,4.444444444,8,24.33333333,39.55555556
13,7,4.666666667,9,25,42.33333333
13,8,6,9,19,43
13,9,5.333333333,9.222222222,18,42.77777778
13,10,4.333333333,9,18,42.5
13,11,5.333333333,9.666666667,20,44.5
13,12,4.555555556,8.888888889,24,44
13,13,3.666666667,10.16666667,20,44
13,14,4,10.16666667,19,42.5
13,15,5.555555556,12.11111111,22,51.22222222
13,16,7,15.16666667,37,58.5
13,17,23.88888889,17.66666667,38.25,62.22222222
13,18,37,17.33333333,37.33333333,67.5
13,19,37.5,17.66666667,36.2,65.33333333
13,20,11.33333333,16.33333333,53.6,72.66666667
13,21,9.166666667,13.66666667,51.66666667,69.5
13,22,10.33333333,16,37,70.66666667
13,23,186.6666667,14.44444444,39.66666667,71
13,24,18.66666667,16.5,44.5,80
13,25,11.66666667,16.83333333,83.33333333,87.66666667
13,26,64.44444444,94.66666667,126.6666667,164.8888889
13,27,15,53.33333333,73.44444444,138.1666667
13,28,30.33333333,72.55555556,52.33333333,112.8888889
13,29,361.3333333,259,239.5555556,245.5
13,30,92.33333333,105.5,246.1666667,173.6666667
13,31,17.88888889,29.44444444,122,99
13,32,14.16666667,23,55,95.33333333
14,0,9,8,32.5,40.25
14,1,10,8.333333333,28.33333333,39.83333333
14,2,8,8.5,24.16666667,41.25
14,3,6,8.5,24.25,40
14,4,5.5,9.5,20.33333333,42.5
14,5,5,8.5,24.5,45.25
14,6,6.5,8.333333333,24.66666667,38.83333333
14,7,6,9,22.5,44
14,8,5.5,10,23.33333333,43.75
14,9,5,8.833333333,16,39.5
14,10,4.5,9.5,18.83333333,41
14,11,5,9,18.5,44
14,12,5,9.5,25.33333333,43.5
14,13,4,10,21,47
14,14,6,11,22.33333333,41
14,15,5.666666667,14,30.75,58
14,16,6.75,15,35,60.5
14,17,6.166666667,13.66666667,34,58.66666667
14,18,7.5,13.5,30.16666667,64
14,19,6,14,35,62.5
14,20,7.333333333,15,47.625,68.33333333
14,21,6.25,16,48.375,69.5
14,22,6.25,44.25,36.14285714,66
14,23,7.166666667,17.5,39.66666667,78.16666667
14,24,7.25,16.5,39.33333333,73.5
14,25,7.75,17.25,45.77777778,78.25
14,26,8,20.16666667,48,85.66666667
14,27,9,19.75,48.5,92.25
14,28,40.83333333,62.5,40,96.66666667
14,29,73.75,160.5,98.66666667,145
14,30,50,77.5,130.5,138.5
14,31,22,31.5,61.5,106.1666667
14,32,15.5,24.5,57.25,98.75
15,0,8,9,28.5,42.75
15,1,8.666666667,8.5,23,38.16666667
15,2,8,8,23,39.25
15,3,8,8,30.6,42.5
15,4,5.5,8,24.33333333,43.33333333
15,5,7.5,9,23,46
15,6,7.166666667,8,22.16666667,43.33333333
15,7,6,8.25,19.5,38.5
15,8,5,8.5,17.66666667,40.25
15,9,4.833333333,8.5,17,40.16666667
15,10,4.25,9.25,17.33333333,42
15,11,3.25,9.5,16,39.5
15,12,4.5,9.333333333,18.83333333,46
15,13,8.25,9,20.25,47.75
15,14,11,13.25,29.625,53
15,15,7.666666667,19.66666667,35,59.83333333
15,16,10.75,15.75,49.55555556,64
15,17,7.666666667,14.33333333,36.33333333,61.66666667
15,18,6.5,14.5,34.88888889,65
15,19,7,15,33.33333333,66.5
15,20,6.333333333,15.66666667,37.85714286,70.33333333
15,21,6.75,36,43,76.5
15,22,8,37.5,39.83333333,79.75
15,23,6.833333333,29.33333333,60,111.6666667
15,24,7,17.5,43,81.5
15,25,7.5,18,44.33333333,82
15,26,7.5,18.16666667,43.75,80.16666667
15,27,78.5,36,79.33333333,106.75
15,28,98.5,114.5,168,127.3333333
15,29,30.25,27.25,115.8333333,130
15,30,80.75,101,160,183.25
15,31,143.6666667,171.8333333,146.3333333,182.6666667
15,32,53.75,40,84.5,117.5
16,0,8.833333333,7.833333333,26.25,37.66666667
16,1,8.555555556,8,22.33333333,40.11111111
16,2,8.666666667,7.333333333,20,38.66666667
16,3,8.5,8,38,38.66666667
16,4,7.555555556,8.666666667,44,37.22222222
16,5,7.666666667,7.666666667,49,42.83333333
16,6,7.666666667,8.666666667,24.33333333,40.77777778
16,7,4.666666667,7.833333333,22,38.66666667
16,8,6,8.166666667,18.66666667,43.33333333
16,9,5.222222222,8.222222222,17,45.11111111
16,10,5.333333333,8.5,17.66666667,46
16,11,4.666666667,9.666666667,18.33333333,43.66666667
16,12,4.666666667,9.777777778,20.11111111,48.11111111
16,13,6,12.33333333,28.83333333,57.83333333
16,14,6.333333333,14.83333333,33.14285714,57.83333333
16,15,7.222222222,21.22222222,36.5,66.11111111
16,16,15.16666667,17.33333333,40.5,67.33333333
16,17,9.777777778,14.66666667,37,62.88888889
16,18,7.333333333,13.66666667,38,64.66666667
16,19,7,14,37.5,64.33333333
16,20,6.333333333,15.88888889,40.16666667,69.11111111
16,21,6.666666667,15.83333333,41,78
16,22,6.166666667,16.33333333,42.66666667,84.33333333
16,23,6.222222222,34.88888889,58,97.33333333
16,24,6.333333333,19.66666667,50.4,82.16666667
16,25,7,18,40,84
16,26,8.777777778,20.77777778,45.5,81.66666667
16,27,25.16666667,30.33333333,91.16666667,102.6666667
16,28,13.11111111,55.66666667,93,106
16,29,49,58.33333333,121.8333333,132.3333333
16,30,106,75.16666667,138,159.1666667
16,31,179.6666667,192.2222222,288,189.7777778
16,32,279.3333333,295.3333333,314.5,267.3333333
17,0,6.5,8.5,19.5,44
17,1,8,7.5,21,41.33333333
17,2,7.5,8.25,23,39.5
17,3,7.5,8.5,30.55555556,38
17,4,7.166666667,7.5,49.42857143,42.5
17,5,8.25,9,54.125,42.25
17,6,8.333333333,8,28,42.16666667
17,7,6,8.5,22.83333333,40.75
17,8,6.75,7.75,19.66666667,41.5
17,9,6,7.333333333,18.25,45.33333333
17,10,5.25,8,19,42.75
17,11,6,10.5,18.5,47.25
17,12,7.666666667,12.33333333,29.33333333,69.16666667
17,13,7.5,14.5,33.5,62.5
17,14,9.5,15,35.5,72.25
17,15,7,25.66666667,42,71.83333333
17,16,8.5,19.25,40.66666667,68.25
17,17,10,16.33333333,39.75,65.16666667
17,18,7,12.25,33.66666667,61
17,19,5.75,15,34,67.5
17,20,6,15.83333333,40.66666667,72.83333333
17,21,8.25,25.5,42,78.25
17,22,9,17.75,42.5,89.75
17,23,6.333333333,15,41.75,100
17,24,6,17.5,39.66666667,80.75
17,25,8.5,16.5,42.66666667,75
17,26,8.666666667,17.33333333,44,82
17,27,9.25,17.5,44,89
17,28,10.16666667,23.16666667,47,93.33333333
17,29,90.5,106.75,90.66666667,133.25
17,30,128,55.5,171,137.5
17,31,57.5,56.66666667,98.33333333,115.3333333
17,32,175,257,186.5,180
18,0,6,8.75,18.33333333,41
18,1,8.333333333,8.833333333,23.75,39.33333333
18,2,7.5,8.5,24,39
18,3,7.5,8,35,40
18,4,7.333333333,8,38.5,42.33333333
18,5,8.5,8.5,39.16666667,42.75
18,6,9.5,7.666666667,28,41
18,7,7.5,9,22.2,41
18,8,8,7.5,17.66666667,39
18,9,7.5,8.166666667,17,46.33333333
18,10,8.25,8.5,18,43.75
18,11,10.5,11.5,25.25,55.75
18,12,11,14.33333333,36.5,85.83333333
18,13,11,16.25,39.75,95
18,14,14.5,13.75,36.83333333,76.75
18,15,23.5,20.16666667,40.75,79.33333333
18,16,15,14.5,38.5,73
18,17,7.5,14.66666667,35.75,68.33333333
18,18,6,15,35.16666667,68.5
18,19,5,15.5,36.5,67.5
18,20,6.166666667,16.16666667,39.5,71.5
18,21,6.25,33.5,69.5,76
18,22,6,19.25,60.33333333,78.25
18,23,5,17.33333333,41.75,74.66666667
18,24,6.5,16.5,42.16666667,81.25
18,25,81,40.5,123,110.5
18,26,91.16666667,149.1666667,146.6666667,116.1666667
18,27,9,39,81.33333333,97.5
18,28,44.5,47.33333333,69,101
18,29,94,141.25,97,139.25
18,30,183.5,179,186,149
18,31,28.5,36.16666667,84.28571429,128.3333333
18,32,46,48,93.66666667,178.25
19,0,7.666666667,8.666666667,17,37.66666667
19,1,7.666666667,7.888888889,21.5,35.22222222
19,2,7.833333333,7.666666667,27.25,35.5
19,3,7.166666667,7.5,29,43
19,4,7.444444444,8.111111111,36,37.11111111
19,5,9.5,8.666666667,28.33333333,43.33333333
19,6,9.666666667,7.888888889,23,40.66666667
19,7,7.833333333,8.5,18.66666667,44
19,8,7,8.166666667,18.83333333,41
19,9,7.222222222,9,18.75,44.77777778
19,10,8,12.33333333,21.5,56
19,11,9.666666667,15,34.5,71
19,12,19,17.22222222,52,75.77777778
19,13,23.33333333,67,80.5,123
19,14,13.33333333,16.33333333,39.83333333,69.83333333
19,15,10.11111111,13,36,70.88888889
19,16,7,13.16666667,34.5,69.16666667
19,17,6.555555556,15.11111111,34.5,73.22222222
19,18,5.833333333,15,37.33333333,71.83333333
19,19,6.666666667,15.33333333,38.5,72.83333333
19,20,5.111111111,15.11111111,40.5,73.77777778
19,21,6.333333333,17.5,56.5,71.33333333
19,22,8,18.66666667,48.66666667,74.5
19,23,5.777777778,18.44444444,52.75,87.88888889
19,24,6.5,21,60.66666667,84.33333333
19,25,107,90.16666667,193,111.5
19,26,49.55555556,64.11111111,165.8571429,113.6666667
19,27,12.66666667,20.66666667,52.85714286,85.66666667
19,28,108,109.6666667,137.375,120.8888889
19,29,50,50.33333333,135,108.1666667
19,30,19.33333333,28.66666667,63.16666667,96
19,31,19.88888889,28.33333333,60.75,104.6666667
19,32,103.3333333,264.1666667,240.25,255.1666667
20,0,8.25,8.5,16.5,37.5
20,1,9.666666667,7.333333333,19.33333333,37
20,2,8.75,8,28,41
20,3,9.75,10,27.66666667,42.75
20,4,9.833333333,8.333333333,21,37.16666667
20,5,9.5,9.5,20.33333333,41.75
20,6,9.333333333,8.666666667,17.5,42.16666667
20,7,8,8.5,16.66666667,43
20,8,7,9,19.2,43.75
20,9,8.333333333,10,22.6,50.33333333
20,10,8.5,14.5,31.66666667,57.5
20,11,9.5,13.5,37.5,62
20,12,9.166666667,15.16666667,39.33333333,74.5
20,13,9.5,52.5,38,74.25
20,14,13,16.5,36.83333333,76.5
20,15,8.5,16,36.25,72.83333333
20,16,6.25,14.75,36,69.25
20,17,6,15.83333333,38,72.66666667
20,18,5.5,15,38.16666667,71.75
20,19,6,17,39.75,72
20,20,5.666666667,15.33333333,39.85714286,75.66666667
20,21,6,16.25,43.33333333,74
20,22,5.5,17.5,46.11111111,76
20,23,7,17.66666667,50.66666667,80
20,24,6.5,16.75,52.55555556,78.75
20,25,7,18.5,47.66666667,77.75
20,26,7.833333333,18.83333333,45.75,73.5
20,27,8.25,18.5,42.5,79.75
20,28,9.166666667,18.5,44,82.5
20,29,11.75,23.25,55.8,93.75
20,30,9.75,23.5,50,97.75
20,31,13,28.83333333,71.16666667,99.33333333
20,32,63.25,33,64,103
21,0,9,7,35,42
21,1,9.166666667,8,20.5,39.66666667
21,2,8.5,8,21.75,38
21,3,9,9.25,22.83333333,41
21,4,9.5,9.166666667,18.5,39
21,5,7.75,9.5,17.66666667,36
21,6,8,9.333333333,17,38.33333333
21,7,7.5,8.5,19,40.75
21,8,8,9.5,19.5,49.5
21,9,9.5,13.5,29.83333333,60.66666667
21,10,10.25,14,34.5,64.75
21,11,8,13,34,62.5
21,12,9,15.33333333,35.5,67.16666667
21,13,7.5,16.5,41,68.5
21,14,9,15.25,35.42857143,67
21,15,7.5,15.33333333,35.66666667,70.5
21,16,5.75,18,39.55555556,74
21,17,5.833333333,14.33333333,37,73.83333333
21,18,5.5,15,37.11111111,76.5
21,19,5.5,16.5,35.66666667,80
21,20,5.666666667,16.16666667,38.75,75.33333333
21,21,6,15,38.75,74.5
21,22,6,16,45.33333333,76
21,23,6.333333333,33.83333333,160,125.8333333
21,24,5.5,19,43.83333333,79
21,25,7,17.5,42,75
21,26,7.5,21.33333333,45.16666667,77.16666667
21,27,6.5,18.75,44.5,77
21,28,7.333333333,19.83333333,42.83333333,83.83333333
21,29,9.5,21.25,55.5,101
21,30,8.5,27.75,57.33333333,103.25
21,31,10,23.33333333,49.66666667,84
21,32,12.75,22.5,49.5,99
22,0,8.5,7.333333333,28.5,42.33333333
22,1,7.888888889,8.555555556,21.33333333,39.33333333
22,2,8.166666667,9.166666667,22.75,37.33333333
22,3,8,8.333333333,18.33333333,34.83333333
22,4,6.555555556,9.111111111,17.5,37.33333333
22,5,6.166666667,9.333333333,17.33333333,40
22,6,5.777777778,9.444444444,17,40.66666667
22,7,6.166666667,13.66666667,23,56.33333333
22,8,7.333333333,16,32.2,63.16666667
22,9,14.55555556,15.44444444,33.66666667,66.11111111
22,10,8,16,36.71428571,66.16666667
22,11,6.833333333,14.16666667,37,65
22,12,6.333333333,14,37.22222222,65.33333333
22,13,6.5,14.83333333,32,65.5
22,14,6.5,13.83333333,34.375,69
22,15,6.666666667,15.66666667,39.5,74.55555556
22,16,6.166666667,16.83333333,42,69.66666667
22,17,5.888888889,15.88888889,40.75,75.33333333
22,18,7.333333333,16,36.16666667,69.5
22,19,5.5,16.66666667,36.5,77.5
22,20,6,17.44444444,38.66666667,76.55555556
22,21,14.16666667,20,50.5,89.83333333
22,22,48.33333333,62.66666667,94,112.3333333
22,23,47.22222222,87.66666667,180,115.5555556
22,24,5.833333333,19.83333333,49.5,85.33333333
22,25,5.833333333,21.33333333,44.5,82.66666667
22,26,7.444444444,20.44444444,43.16666667,84.11111111
22,27,7.333333333,19.5,43,79.16666667
22,28,6.888888889,20.22222222,45.33333333,82.22222222
22,29,8,23,48,90
22,30,8.166666667,25,57.16666667,95.33333333
22,31,9.333333333,22.66666667,47.75,82.77777778
22,32,11,22.5,48,89
23,0,6.75,8.5,21,43.25
23,1,7.5,9.666666667,22,42
23,2,6,9.5,17.66666667,38
23,3,6,9,15.66666667,38
23,4,5.666666667,9.333333333,18,40
23,5,5,10.25,16.66666667,44.5
23,6,4.5,13.83333333,20.66666667,57.66666667
23,7,6.75,14.5,31.22222222,61.25
23,8,7.25,16,37.4,70
23,9,7.333333333,16.66666667,36.83333333,69.5
23,10,7.5,16.25,38,71.75
23,11,7.75,19.75,37.5,67
23,12,5.833333333,12.83333333,37,68.16666667
23,13,5.5,14,35,65.5
23,14,4.5,15,43.33333333,76
23,15,6,16.66666667,39,76.16666667
23,16,6,22.5,41.66666667,81
23,17,19,17,42.5,79.33333333
23,18,5.5,15,35.66666667,79
23,19,5.5,15.75,37,80.5
23,20,7.833333333,17.5,37.5,81.16666667
23,21,52.75,46,53.25,100
23,22,59.75,66,162.1666667,124.25
23,23,68.5,116.3333333,122.5,136.1666667
23,24,15,22.5,51,80
23,25,12,20.25,42,85.5
23,26,13.33333333,22.5,70.66666667,80.5
23,27,14,20.75,79,82.5
23,28,8.666666667,22.5,49,81.5
23,29,7,24.5,58.25,132
23,30,7.5,20.75,45.66666667,80.5
23,31,8.166666667,21.33333333,46,78.66666667
23,32,9,21,46.16666667,85
24,0,6.166666667,9.666666667,21,42.5
24,1,5.444444444,8.333333333,20.33333333,43.33333333
24,2,5.666666667,9.166666667,19,37.33333333
24,3,7,9.666666667,19.33333333,46
24,4,7,9.111111111,20.25,41.88888889
24,5,6.833333333,13,23.83333333,48.16666667
24,6,20.55555556,15.66666667,35,64.44444444
24,7,8.333333333,16,38.66666667,61.5
24,8,8,17.66666667,44,68.33333333
24,9,8.555555556,16.77777778,41.66666667,76.22222222
24,10,7.5,21.66666667,42,69.83333333
24,11,8.5,25.33333333,39.33333333,69.16666667
24,12,6.333333333,15.44444444,41,69.33333333
24,13,6.333333333,15.5,38.83333333,73.66666667
24,14,5.5,17.66666667,44.16666667,76.16666667
24,15,6.555555556,15.77777778,41,78.55555556
24,16,27.66666667,26.33333333,108.6666667,184.6666667
24,17,52.11111111,59.55555556,150,169.3333333
24,18,34.66666667,42.5,46.66666667,93.33333333
24,19,29.5,27.33333333,49.25,88.33333333
24,20,11.11111111,23,45.16666667,91.55555556
24,21,81.66666667,68.16666667,81,142.6666667
24,22,54.33333333,64.66666667,50.66666667,112.3333333
24,23,10.55555556,22.88888889,48,94.66666667
24,24,10.66666667,19.5,45,78.83333333
24,25,7.666666667,18.5,40,82
24,26,10.33333333,33.88888889,73.83333333,85.77777778
24,27,12.33333333,21.33333333,76.25,87
24,28,8.333333333,20.77777778,44.5,81.55555556
24,29,8.666666667,20.16666667,42.25,78.33333333
24,30,8.166666667,18.16666667,42.16666667,75.16666667
24,31,8.333333333,18.22222222,44,76.88888889
24,32,8.833333333,17.83333333,40.125,76.5
25,0,4,8.75,15.5,41.75
25,1,5.5,8.833333333,15.33333333,38.33333333
25,2,6.75,8.75,17,39.25
25,3,7.25,9,19,43
25,4,7.833333333,12.16666667,23.5,48.83333333
25,5,15,15.75,34.66666667,68
25,6,24.83333333,19,47.25,79.66666667
25,7,31,20.5,47.5,90
25,8,8.5,17.75,39,69.25
25,9,8,15.33333333,38.66666667,71
25,10,12,14,40.5,72.5
25,11,9.5,16,43.66666667,72.25
25,12,6.833333333,15.33333333,47,72.16666667
25,13,6.5,17,43.5,74
25,14,6,18.5,42,81.75
25,15,12.33333333,28.5,44.5,94.66666667
25,16,29.5,59.5,75,165
25,17,36,48.66666667,64.5,124.6666667
25,18,11,18,45.83333333,99.25
25,19,11,20,46,98.5
25,20,98.33333333,30.66666667,50.5,106
25,21,383,493.5,417.5,806
25,22,259,382.75,120.8333333,173.75
25,23,15.66666667,29.66666667,54,99
25,24,10,21.5,51.66666667,88.5
25,25,9,21.25,42.75,87.5
25,26,7.5,19,42.85714286,83
25,27,6.5,19.5,44.33333333,84.5
25,28,7.333333333,19.16666667,41.22222222,83.66666667
25,29,7.5,19.5,39.83333333,74
25,30,7,19.5,39.44444444,83.5
25,31,7.333333333,16.66666667,40.33333333,76.83333333
25,32,8,18,39.71428571,73.5
26,0,4,8.75,17.5,40.5
26,1,5,8.166666667,18.5,39.5
26,2,7,9,17,45
26,3,7.5,9,23,46.5
26,4,8.166666667,13.5,39,61.16666667
26,5,17.75,19,48.66666667,75
26,6,18.16666667,19,56,87.83333333
26,7,23.25,18,50.66666667,82.25
26,8,8.25,14,41.5,74
26,9,9.166666667,14.5,43,71
26,10,8,15,48.5,69.5
26,11,8.5,14.75,46.66666667,69.25
26,12,6.5,15.33333333,45,68
26,13,5,15.75,42,76.25
26,14,6.5,17.75,41.25,81.5
26,15,6.833333333,17.5,43.5,82.5
26,16,7,18.5,52.6,83.5
26,17,57.16666667,20,101.4,163.6666667
26,18,9.5,19,45.83333333,123.75
26,19,8.25,19,42.5,90.75
26,20,10,33.33333333,46,97
26,21,196.75,199.75,201.6666667,453.5
26,22,134.5,184.75,98.77777778,145.5
26,23,14.33333333,26.66666667,50.16666667,103.1666667
26,24,12,22.25,49,89.25
26,25,11,23,52.83333333,79
26,26,12,22,48.5,82.66666667
26,27,6.5,20.25,45.5,81
26,28,7.166666667,20.33333333,45.5,86.33333333
26,29,7.25,19,43.5,87.5
26,30,7,19.5,41.16666667,83
26,31,10.16666667,18.16666667,39.5,84.66666667
26,32,9,18.25,40.66666667,81
27,0,5.166666667,8.666666667,18,40.33333333
27,1,4.666666667,10,20.66666667,47.33333333
27,2,14,11.66666667,26.25,52.83333333
27,3,7.666666667,15.83333333,35.66666667,61
27,4,8.444444444,17,36,69.22222222
27,5,14.16666667,17.33333333,57.66666667,75
27,6,72.77777778,77.11111111,64.5,157.2222222
27,7,85.83333333,20.66666667,57.33333333,83.83333333
27,8,16.16666667,21.5,50,74.16666667
27,9,14.77777778,17.55555556,47.33333333,73.11111111
27,10,13.33333333,15.83333333,58.75,72
27,11,11.33333333,14.16666667,53.83333333,75.16666667
27,12,7.222222222,14.88888889,48,71.77777778
27,13,6.166666667,16.5,41.5,73.66666667
27,14,5.833333333,17.16666667,43,81.5
27,15,6.444444444,17.22222222,44.75,85.88888889
27,16,10,19.33333333,65.66666667,148.6666667
27,17,70,101.2222222,106.1111111,177.5555556
27,18,31.83333333,44.16666667,45.25,111.6666667
27,19,9.666666667,18,42.71428571,89.16666667
27,20,8.666666667,18.22222222,51.77777778,84.55555556
27,21,9.833333333,25,65,92.33333333
27,22,9.666666667,20.5,49.83333333,93.5
27,23,7.111111111,19.44444444,43.5,86.55555556
27,24,6.166666667,17.66666667,41.33333333,87
27,25,7.833333333,19.16666667,44.5,85.33333333
27,26,8.333333333,20.88888889,42.66666667,84.44444444
27,27,6.833333333,20.66666667,46,83.83333333
27,28,7,20,43.33333333,88
27,29,7.666666667,20.5,44.5,88.83333333
27,30,7.833333333,20.83333333,45.66666667,81.33333333
27,31,9.333333333,21.88888889,46.25,83.11111111
27,32,9,20.83333333,45,78.5
28,0,6.5,9,24.75,43
28,1,6.166666667,12,27,49.33333333
28,2,9,17.5,34.25,66
28,3,9.5,17,41.5,70
28,4,7.333333333,17,46.25,68.33333333
28,5,6,17,52,70
28,6,20.83333333,16,60,79.16666667
28,7,9.5,15,63.33333333,77
28,8,7.5,21,57.25,75.75
28,9,8.833333333,15.83333333,45.66666667,80.5
28,10,11.5,18,55.66666667,70
28,11,16.5,18,43.44444444,71
28,12,9.5,16,41.5,69.16666667
28,13,7.5,16,41.44444444,72.25
28,14,6.25,18,41.66666667,78.5
28,15,7.333333333,23.66666667,42.28571429,88.5
28,16,45.5,144,113.5,178.5
28,17,91.66666667,119,121.1666667,146.3333333
28,18,11,18.5,53.5,92
28,19,8,18,40,84.5
28,20,8,18.83333333,46,83.16666667
28,21,6,19,45.5,87.5
28,22,7,19.25,47.66666667,83.25
28,23,7.166666667,21.66666667,43.5,85.83333333
28,24,7,19.5,39.66666667,80.25
28,25,8,17,41.25,83.75
28,26,7,18.5,45.83333333,87.5
28,27,6.75,22.5,46.5,86
28,28,7,21.33333333,45.66666667,82.16666667
28,29,7.5,21,44.5,82
28,30,8.25,21.5,50.16666667,84.5
28,31,20.16666667,31.16666667,55,113.5
28,32,31.25,43,67.16666667,89.5
29,0,13.5,11.5,31.25,53
29,1,14,15.16666667,37.33333333,65.83333333
29,2,10,16.5,42,69
29,3,10.5,17.5,44.11111111,78
29,4,9.833333333,17.83333333,51.16666667,78.5
29,5,6,17,55.55555556,77.25
29,6,13,15.33333333,64.83333333,76.66666667
29,7,8.5,13.25,56.88888889,72.5
29,8,6,17,48,72.5
29,9,11.5,13.33333333,43,75.33333333
29,10,9.5,22,44,71
29,11,10,20,41.33333333,84
29,12,8,16.66666667,38,72.66666667
29,13,7,15,38.33333333,74.5
29,14,6,18,43.25,82.5
29,15,6.5,21.16666667,44.33333333,83.83333333
29,16,37.25,48.75,101,108.75
29,17,55,47,127.1666667,131
29,18,80,79,68,118
29,19,12,20,47.33333333,85.75
29,20,9.333333333,20.5,46.25,84.66666667
29,21,8.5,19,47.66666667,89.5
29,22,7,18.5,44.33333333,82.75
29,23,6.833333333,18.83333333,43.25,78.83333333
29,24,7.5,16.5,40.33333333,75.5
29,25,6.25,16.75,43,80
29,26,6.333333333,18,44.33333333,84.16666667
29,27,8,17,44,88.25
29,28,8.166666667,20.5,52,86.16666667
29,29,9.5,21.75,50,93
29,30,10,24,51.66666667,86.5
29,31,70.5,86,72.75,124.6666667
29,32,183.75,141.75,159.1666667,187.5
30,0,307,199.5,157.1428571,120.8333333
30,1,28,27.66666667,70.66666667,98.66666667
30,2,38.5,24,66.4,87.66666667
30,3,13.33333333,19.33333333,59,81.33333333
30,4,8,18,57,81.88888889
30,5,7.166666667,16.16666667,51,83
30,6,7.888888889,16.33333333,58.5,76.66666667
30,7,8.666666667,15.66666667,61,76.83333333
30,8,9.333333333,15,51.5,72
30,9,10.33333333,13.88888889,43.66666667,72
30,10,8.666666667,13.33333333,39,73.66666667
30,11,7,15.5,40.66666667,75
30,12,6,13.44444444,40.5,71.44444444
30,13,6.333333333,15.5,41.66666667,77.66666667
30,14,6.333333333,18,45,82.16666667
30,15,6.444444444,19.11111111,44,84.88888889
30,16,8.166666667,20,45,84.66666667
30,17,77,84.77777778,125,132.7777778
30,18,46.5,51.33333333,69.5,199
30,19,12.16666667,24.5,51,90
30,20,22.11111111,29.11111111,48,93.88888889
30,21,26.33333333,32,47.66666667,88.33333333
30,22,8.666666667,18.83333333,44.6,89.66666667
30,23,7.333333333,17.55555556,41.4,80.44444444
30,24,7.166666667,17.16666667,43,85.5
30,25,6.5,19.33333333,42.5,81
30,26,10.11111111,17.44444444,44.16666667,87.77777778
30,27,10.83333333,18.83333333,45.25,89.66666667
30,28,34.88888889,42.44444444,55.66666667,104.7777778
30,29,62.66666667,59.66666667,121.5,177
30,30,347.3333333,558.3333333,67,421.6666667
30,31,239.6666667,418,125,339.1111111
30,32,79.5,76,133.7142857,164.5
31,0,141.5,396.5,115.3333333,250.25
31,1,119.3333333,189,97.33333333,167.3333333
31,2,76.5,29,78.5,110
31,3,20.5,24.5,62.66666667,88
31,4,13.66666667,20.5,51.25,82.33333333
31,5,11.5,18.75,56.83333333,80.5
31,6,9,17.33333333,51.75,76.83333333
31,7,7.5,16.25,56.33333333,72
31,8,6.5,15,47.75,73.5
31,9,7.5,19.66666667,44.16666667,76.33333333
31,10,8,17,43.5,76
31,11,6.5,15,43.5,78.5
31,12,6,15.33333333,43.75,75.33333333
31,13,6.25,15,44,73.5
31,14,6.75,16.25,41,75
31,15,5.666666667,18.66666667,46,85.66666667
31,16,7,19,47,87.5
31,17,134.1666667,132.5,131.8333333,154
31,18,70.5,51.5,55,128.75
31,19,14.5,23.75,50,103.5
31,20,23,41,79,109.6666667
31,21,35.5,44.5,98,134.75
31,22,9,23.25,52.5,107.75
31,23,7.333333333,18.66666667,42.33333333,87.16666667
31,24,6.5,17.5,42.83333333,87
31,25,13,25,46,99
31,26,28.33333333,46.33333333,58.83333333,111.3333333
31,27,16.75,38.5,62.16666667,95
31,28,57.66666667,70.33333333,86.55555556,126.1666667
31,29,94.75,117.5,177.1666667,159.75
31,30,40,82,688.8888889,265.5
31,31,286.1666667,397,470,451.6666667
31,32,21,41.75,112.125,133
32,0,174.75,235.25,148,262.25
32,1,278.6666667,274.8333333,122.5,222.5
32,2,28.75,39.25,81,116.75
32,3,17,24.5,57.66666667,98.25
32,4,13.16666667,20.66666667,57.25,86.5
32,5,11.5,19.5,56.16666667,84.5
32,6,10.66666667,18,46.5,77.16666667
32,7,8.5,18,46.16666667,79.5
32,8,9.75,15,44.5,71.25
32,9,103.6666667,64.66666667,146.6666667,128
32,10,23.5,27.25,50,86
32,11,8.75,16.25,47.16666667,83
32,12,8.166666667,15.33333333,44.75,77.66666667
32,13,6.5,14.25,44.66666667,77
32,14,7,16.25,43.25,81.25
32,15,6.166666667,19.16666667,47,87.83333333
32,16,7.75,19.75,47.25,92
32,17,12,29.5,53.66666667,116.3333333
32,18,13.5,33,52.75,107
32,19,191,205,144.1666667,127.5
32,20,128.3333333,126.8333333,209.5,209.5
32,21,16,29,65.57142857,117.75
32,22,11,25,67.16666667,117
32,23,9,20.5,54.33333333,94.5
32,24,9,20,52.33333333,95
32,25,8.5,18.5,47.11111111,99
32,26,17.66666667,38,65.55555556,106.6666667
32,27,11.25,29.75,55.5,94.75
32,28,89,67.5,81,144.3333333
32,29,121,109,93.25,179
32,30,20,100,172.5,124
32,31,21,77,80.5,137.3333333
32,32,13.25,28.5,69.5,107
33,0,24.16666667,40.5,117.3333333,105
33,1,346.1111111,276.7777778,194.5,286
33,2,118,182.3333333,141,183.8333333
33,3,25.16666667,35.33333333,66,124.8333333
33,4,20,22,64,86
33,5,15.66666667,22.66666667,55.16666667,82.33333333
33,6,13.22222222,19.11111111,49.5,85.11111111
33,7,10.33333333,18.33333333,46.66666667,81.33333333
33,8,9.166666667,17.16666667,45.75,79
33,9,8.333333333,19.55555556,46,96.88888889
33,10,8,22.5,47,81.5
33,11,7.666666667,17.5,44.33333333,77
33,12,7.777777778,17.11111111,42.25,77.88888889
33,13,6.666666667,16.83333333,44.83333333,79.66666667
33,14,7,17.66666667,45.25,84
33,15,6.111111111,18.55555556,48.71428571,86.88888889
33,16,6,19.16666667,44.5,88.5
33,17,6.111111111,19.11111111,43,87.33333333
33,18,7.333333333,20.83333333,46.66666667,96.16666667
33,19,62.33333333,82.33333333,140.1111111,136
33,20,131.1111111,168.1111111,286.3333333,236.6666667
33,21,31.5,31.83333333,66.125,126.6666667
33,22,32.83333333,29.33333333,107,149.8333333
33,23,17.66666667,55.22222222,105,132.7777778
33,24,10.5,21.5,53,93.33333333
33,25,8,18,48.33333333,92.83333333
33,26,7.222222222,19.11111111,50,87.66666667
33,27,8,20.66666667,48.83333333,89.5
33,28,8.444444444,25.77777778,52.16666667,91
33,29,9.166666667,26.16666667,56,88.33333333
33,30,12.66666667,23.16666667,54,98.33333333
33,31,12.77777778,22.88888889,52,96.22222222
33,32,9.166666667,24.5,54.83333333,97.33333333
34,0,10,16,85.83333333,83.25
34,1,97.5,135.1666667,117.25,134.8333333
34,2,173.25,267,245.5,188.5
34,3,68.5,97.5,83,116.5
34,4,25.66666667,26.33333333,70.66666667,99.83333333
34,5,16.75,23,55.5,85
34,6,12.66666667,19.33333333,52,85.66666667
34,7,9,18,48,80.25
34,8,8.75,17.75,46.5,78.75
34,9,75.16666667,15.33333333,44.5,74.83333333
34,10,6,16,43.33333333,75
34,11,6,16,44.77777778,78
34,12,7,18.33333333,46.66666667,79
34,13,6.5,18,44.22222222,78
34,14,5.5,16,42,79.75
34,15,6.333333333,17.16666667,47.375,83.83333333
34,16,6,17.75,40,84.25
34,17,7,18.5,46.66666667,83.33333333
34,18,8,20.5,46.25,95
34,19,9.75,21.25,56.83333333,104.25
34,20,160,175.6666667,157.5,191.5
34,21,272.5,262,216.1666667,211.5
34,22,122.75,170.75,103.5,179.25
34,23,40.5,45.16666667,100.3333333,131.3333333
34,24,11,22.5,55.5,100.5
34,25,9,18,49.5,87
34,26,7.166666667,18.33333333,51.25,84.66666667
34,27,7,20.5,50.33333333,93.75
34,28,7.5,19.66666667,49,87.66666667
34,29,7,20.25,49.8,83.25
34,30,8.25,20.25,53,76.75
34,31,7.5,22.5,52,88.5
34,32,8.5,23,59.33333333,90.25
35,0,7.833333333,15.83333333,70,80.66666667
35,1,25.77777778,38.88888889,82,123.2222222
35,2,457.1666667,502,286,234.5
35,3,100.3333333,65.83333333,145.8333333,209.1666667
35,4,51.77777778,42,95.44444444,129.4444444
35,5,27.16666667,37,75,114.8333333
35,6,16,22.22222222,55.88888889,86.22222222
35,7,9.666666667,19.16666667,50.22222222,84.16666667
35,8,8.833333333,18.33333333,48.66666667,81.66666667
35,9,76.44444444,16.66666667,45.42857143,80.66666667
35,10,11.66666667,15.5,43,79.5
35,11,9.5,17,48,79.5
35,12,8,18.33333333,48.5,85.88888889
35,13,6.833333333,18,42.66666667,81
35,14,5.833333333,15,39.5,73.33333333
35,15,6.888888889,16.88888889,41.33333333,86.11111111
35,16,7.333333333,26.66666667,60.25,90.66666667
35,17,11.11111111,21.44444444,45,92.55555556
35,18,16.5,28,51,103
35,19,12,23.33333333,57,93.33333333
35,20,76.55555556,65.66666667,136.5,181.2222222
35,21,72.33333333,75.16666667,176,144.3333333
35,22,26.66666667,50.83333333,87,108.1666667
35,23,17.88888889,26.88888889,56.66666667,101.4444444
35,24,15.5,25.83333333,55,94.33333333
35,25,13.66666667,25.66666667,51.33333333,88.83333333
35,26,8.777777778,20,48,84
35,27,7.666666667,18.83333333,51.16666667,89.33333333
35,28,6.111111111,18.55555556,45.5,86.33333333
35,29,7.333333333,18.33333333,45.83333333,86.33333333
35,30,7.5,18.5,49.8,85.5
35,31,7.555555556,20.22222222,51.4,87.77777778
35,32,7.833333333,22.33333333,55.66666667,91
36,0,9,16,65.66666667,86.5
36,1,15.33333333,23.16666667,87.66666667,104.1666667
36,2,159,203.5,266.625,261.75
36,3,436.75,346.5,335.5,306.5
36,4,29.16666667,33.66666667,90.66666667,113
36,5,21.75,27.75,71,115.75
36,6,13.33333333,23.83333333,54.5,96
36,7,10,18.5,52,85
36,8,7.5,20.5,50.6,80
36,9,8,18.66666667,47.66666667,79.66666667
36,10,7.5,18.25,47.5,83
36,11,7.5,18.5,50.66666667,87.5
36,12,7.333333333,19.33333333,47,92.16666667
36,13,7.25,19.5,47.66666667,89.5
36,14,6.5,19,45.25,77.25
36,15,7,17.5,43.5,84.83333333
36,16,22.75,32.5,62.5,165
36,17,59.83333333,45.33333333,65.16666667,107
36,18,11,22.5,69.25,99
36,19,14,25,71,106
36,20,31.16666667,35.33333333,81,108.5
36,21,10.75,20.5,56.33333333,96.5
36,22,9,21,52,98
36,23,8.666666667,21.33333333,46.5,93
36,24,12.25,21.75,46.5,87.75
36,25,8.5,18.5,44,79
36,26,7.833333333,16.5,42.5,81
36,27,7,18.25,47.33333333,89
36,28,6,18.66666667,45,79.83333333
36,29,6.75,18,43.83333333,83.75
36,30,7,20,45.25,87.5
36,31,7.333333333,19.83333333,52,82.83333333
36,32,7,19,51,87.75
37,0,16,22,81,91.5
37,1,68,54.33333333,177,141.3333333
37,2,221.5,340,182.5,173
37,3,344.75,367.5,292.25,302.25
37,4,110.8333333,46.16666667,157.6666667,172
37,5,19,26.5,70,106.5
37,6,16.83333333,23.83333333,61,101.3333333
37,7,11.75,19,51.75,92
37,8,9.5,19.5,50.5,88.5
37,9,8.5,19.16666667,49.66666667,79
37,10,8.5,19.75,48.5,87.5
37,11,7.5,20,48.16666667,84
37,12,8.166666667,19.5,50.5,86
37,13,7.25,20.5,46.66666667,92.5
37,14,7.5,20.25,51,95
37,15,8,18.33333333,40.66666667,84.5
37,16,23,42.75,56,98.5
37,17,140.3333333,162.6666667,151.6666667,150.8333333
37,18,38.75,39.25,65.5,110.75
37,19,16,29.75,55.33333333,95.25
37,20,20.5,28.83333333,84.5,98.33333333
37,21,18.5,26.5,74.66666667,94.5
37,22,11,21.5,50.5,94
37,23,8.5,20.66666667,48,90.66666667
37,24,10.5,19.5,45,81.75
37,25,10,17.5,44.66666667,77.75
37,26,6.333333333,16,43.25,77.5
37,27,7,18.25,44.57142857,84
37,28,5.833333333,18.66666667,45.66666667,79.5
37,29,6.5,18.5,43.44444444,86.25
37,30,6.5,18,44.33333333,89
37,31,6.666666667,19.33333333,48.66666667,86
37,32,7,18,47.66666667,87.5
38,0,20.16666667,24,59.33333333,110
38,1,35.11111111,43.55555556,184,166.1111111
38,2,228,389.8333333,296.6666667,587.5
38,3,654.6666667,347,773.75,1018.333333
38,4,347.6666667,162.2222222,380.5,319.3333333
38,5,20.66666667,29.33333333,83.5,129.3333333
38,6,16,24.55555556,62.33333333,105.7777778
38,7,12.66666667,21.33333333,58.5,97.33333333
38,8,10.83333333,19.66666667,54.83333333,94.5
38,9,9.555555556,20.33333333,51,93.33333333
38,10,9,21.16666667,50.83333333,92.5
38,11,23,20.66666667,49.16666667,92.16666667
38,12,9.333333333,26,49.75,98.55555556
38,13,14.83333333,42.66666667,49,121.5
38,14,38,34.33333333,45,115.3333333
38,15,59.88888889,102.3333333,51,148.2222222
38,16,40.83333333,67.66666667,85,124.3333333
38,17,206.5555556,174.1111111,216.6666667,195.3333333
38,18,183.6666667,188.3333333,160.5,196.3333333
38,19,121.8333333,60.33333333,90.33333333,153.1666667
38,20,53.88888889,30.33333333,64.75,117.5555556
38,21,18.83333333,60.5,74.33333333,118.3333333
38,22,10.5,24.66666667,58.83333333,94.66666667
38,23,8.666666667,20.66666667,46.11111111,87.77777778
38,24,6.666666667,22.16666667,46,85
38,25,9,19.66666667,46,76
38,26,7.444444444,16.33333333,43.33333333,76.88888889
38,27,6.833333333,16.66666667,42.875,79
38,28,6.444444444,18.11111111,43.5,81.88888889
38,29,5.5,17.83333333,42.5,83.33333333
38,30,6.666666667,19,43,87.83333333
38,31,6.666666667,19.88888889,48.66666667,84.44444444
38,32,7.166666667,21.66666667,47.5,85.66666667
39,0,11.25,16.5,49.66666667,100.25
39,1,56,28.66666667,66,148.8333333
39,2,823,953.75,502.3333333,1239.5
39,3,461.75,497,973.5,847
39,4,237.3333333,191.8333333,445.6666667,308.5
39,5,29.5,33.5,84,143.25
39,6,19,26,73.83333333,117
39,7,13.5,22.5,64,105.5
39,8,11,22,61.66666667,105.25
39,9,10.16666667,20.66666667,62.5,98.5
39,10,50.5,24.25,60.66666667,159
39,11,134,253,138,215.5
39,12,124,161,105.3333333,150.6666667
39,13,441,85,184,264
39,14,20,63,65,152
39,15,43.83333333,69.16666667,179.6666667,124.5
39,16,157,148,126.3333333,189.25
39,17,84,109,137.7777778,147.5
39,18,151.5,157,186.6666667,187
39,19,190.5,234.75,198.3333333,217.25
39,20,267.3333333,263.3333333,171,194.6666667
39,21,20.25,29.5,58.88888889,105.5
39,22,15.75,24,52,94.75
39,23,12.83333333,21.33333333,49,87.5
39,24,8.25,20,47,89.75
39,25,7.25,18,48,79.25
39,26,7.166666667,18.33333333,40,78.66666667
39,27,7,16.25,39.16666667,79.5
39,28,7.166666667,18.5,42.5,82.5
39,29,6.5,17,40.33333333,86
39,30,7,20,45,87.5
39,31,7.166666667,19.83333333,49,86.33333333
39,32,7.25,19.25,47.5,93
40,0,10,16.5,49,94.75
40,1,48.83333333,19,63.25,119.8333333
40,2,330,718,148.1666667,368.75
40,3,49,56,102.5,347
40,4,505.5,439,397.3333333,345.1666667
40,5,31.5,40,97.5,155.5
40,6,107.3333333,56.16666667,125.6666667,155
40,7,15.75,25.5,65.25,111
40,8,11.25,23,59.5,106.75
40,9,72.16666667,33.33333333,67.5,126.5
40,10,154.25,219.25,171.7777778,190.75
40,11,103,196.75,203.6666667,193.5
40,12,71,154.1666667,150,191.8333333
40,13,269.5,246.75,253,288.75
40,14,43,40,98,140.5
40,15,16.66666667,26.5,55.22222222,99.5
40,16,85,106.5,51,131.25
40,17,25.16666667,36.33333333,68,114.1666667
40,18,56.5,91.5,105.25,145
40,19,266,222.5,207.3333333,201
40,20,177.1666667,195,152,174.3333333
40,21,21,30.5,61.16666667,104.5
40,22,16.75,23.25,47,94.5
40,23,18.83333333,23.16666667,53.83333333,91.16666667
40,24,11.75,40.75,80,105.5
40,25,10.75,41,68.33333333,92.5
40,26,9,19.66666667,41.5,90.83333333
40,27,7,16.25,39.83333333,79.75
40,28,7.333333333,18,46.75,80
40,29,7.25,18.75,44.33333333,84.5
40,30,7.5,17,43,79.5
40,31,7.333333333,19.5,47,88.83333333
40,32,8,21.75,46,88
41,0,9.166666667,18,47.66666667,87.33333333
41,1,10.11111111,18.33333333,50,92.88888889
41,2,18.16666667,20.16666667,54,105
41,3,27.66666667,23.83333333,62.83333333,135.8333333
41,4,380.1111111,311,411.4444444,347.4444444
41,5,159.5,45.5,186.3333333,226.6666667
41,6,81.22222222,136.4444444,163.6666667,170.3333333
41,7,19,47.5,88,134.6666667
41,8,14.83333333,25.83333333,62.11111111,111.3333333
41,9,64.22222222,69.33333333,64.33333333,127.5555556
41,10,143.8333333,192.8333333,134.5,165.3333333
41,11,130,128,126.25,155
41,12,85,84.22222222,119.1666667,138.5555556
41,13,109.6666667,150.3333333,163.75,161.1666667
41,14,37.5,44.66666667,62.66666667,123.6666667
41,15,13.11111111,23.55555556,51.2,103.3333333
41,16,9.833333333,22.16666667,46.2,94.83333333
41,17,14.66666667,25.44444444,46.5,96.66666667
41,18,25.33333333,44,44.25,105.6666667
41,19,95.5,78.5,110,141
41,20,48.88888889,66.44444444,84.75,115.5555556
41,21,20,28.33333333,51.66666667,98.83333333
41,22,12.83333333,21.33333333,47,97.83333333
41,23,14,22.88888889,62.66666667,94.66666667
41,24,31.66666667,46.16666667,61,96
41,25,32.16666667,45.66666667,57.66666667,89.5
41,26,13.66666667,33.88888889,73,101
41,27,8.666666667,22,44.5,100
41,28,9.111111111,18.66666667,44.25,84.22222222
41,29,29.5,37.66666667,48.33333333,97.66666667
41,30,31.5,39.33333333,52.5,91.5
41,31,11.33333333,22.88888889,53.16666667,98.77777778
41,32,9.333333333,22,50,103